{"InvoiceNumber":"97653721","CreatedTime":1603622000000,"StoreID":"STR6162","PosID":"POS279","CashierID":"OAS964","CustomerType":"PRIME","CustomerCardNo":"2262471989","TotalAmount":4230.0,"NumberOfItems":3,"PaymentMethod":"CASH","TaxableAmount":3850.0,"CGST":96.25,"SGST":96.25,"CESS":4.8125,"DeliveryType":"HOME-DELIVERY","DeliveryAddress":{"AddressLine":"627-5294 Nisi St.","City":"Hyderabad","State":"Andhra Pradesh","PinCode":"827202","ContactNumber":"7553553297"},"InvoiceLineItems":[{"ItemCode":"463","ItemDescription":"Cookie jars","ItemPrice":793.0,"ItemQty":2,"TotalValue":1586.0},{"ItemCode":"273","ItemDescription":"Bedroom set","ItemPrice":842.0,"ItemQty":1,"TotalValue":842.0},{"ItemCode":"428","ItemDescription":"Cocktail glass","ItemPrice":1422.0,"ItemQty":1,"TotalValue":1422.0}]}
{"InvoiceNumber":"70630270","CreatedTime":1603623000000,"StoreID":"STR6162","PosID":"POS279","CashierID":"OAS964","CustomerType":"PRIME","CustomerCardNo":"2262471989","TotalAmount":7350.0,"NumberOfItems":4,"PaymentMethod":"CASH","TaxableAmount":7659.0,"CGST":191.47500000000002,"SGST":191.47500000000002,"CESS":9.57375,"DeliveryType":"HOME-DELIVERY","DeliveryAddress":{"AddressLine":"Flat No. #245-5336 Nibh. Av.","City":"Jammu","State":"Jammu and Kashmir","PinCode":"114809","ContactNumber":"9836944618"},"InvoiceLineItems":[{"ItemCode":"463","ItemDescription":"Cookie jars","ItemPrice":793.0,"ItemQty":2,"TotalValue":1586.0},{"ItemCode":"303","ItemDescription":"Bench","ItemPrice":2251.0,"ItemQty":1,"TotalValue":2251.0},{"ItemCode":"633","ItemDescription":"Cafe Curtains","ItemPrice":796.0,"ItemQty":1,"TotalValue":796.0},{"ItemCode":"253","ItemDescription":"Bathroom cabinet","ItemPrice":1513.0,"ItemQty":2,"TotalValue":3026.0}]}
{"InvoiceNumber":"12361996","CreatedTime":1603624000000,"StoreID":"STR6162","PosID":"POS279","CashierID":"OAS964","CustomerType":"PRIME","CustomerCardNo":"2262471989","TotalAmount":900.0,"NumberOfItems":4,"PaymentMethod":"CASH","TaxableAmount":11285.0,"CGST":282.125,"SGST":282.125,"CESS":14.106250000000001,"DeliveryType":"HOME-DELIVERY","DeliveryAddress":{"AddressLine":"HN. 821, 8267 Dapibus Av.","City":"Kolkata","State":"West Bengal","PinCode":"701624","ContactNumber":"6351552880"},"InvoiceLineItems":[{"ItemCode":"528","ItemDescription":"Projection clock","ItemPrice":2365.0,"ItemQty":1,"TotalValue":2365.0},{"ItemCode":"263","ItemDescription":"Kitchen cabinet","ItemPrice":1050.0,"ItemQty":2,"TotalValue":2100.0},{"ItemCode":"358","ItemDescription":"Restraint chair","ItemPrice":1943.0,"ItemQty":2,"TotalValue":3886.0},{"ItemCode":"468","ItemDescription":"Lunch box","ItemPrice":1467.0,"ItemQty":2,"TotalValue":2934.0}]}
{"InvoiceNumber":"98939606","CreatedTime":1603625000000,"StoreID":"STR6162","PosID":"POS279","CashierID":"OAS964","CustomerType":"PRIME","CustomerCardNo":"2262471989","TotalAmount":3602.0,"NumberOfItems":3,"PaymentMethod":"CASH","TaxableAmount":5737.0,"CGST":143.425,"SGST":143.425,"CESS":7.171250000000001,"DeliveryType":"HOME-DELIVERY","DeliveryAddress":{"AddressLine":"Flat No. #398-2797 A Rd.","City":"Sikar","State":"Rajasthan","PinCode":"660265","ContactNumber":"1131794401"},"InvoiceLineItems":[{"ItemCode":"378","ItemDescription":"Air Bed","ItemPrice":2263.0,"ItemQty":1,"TotalValue":2263.0},{"ItemCode":"273","ItemDescription":"Bedroom set","ItemPrice":842.0,"ItemQty":2,"TotalValue":1684.0},{"ItemCode":"218","ItemDescription":"Sofa bed","ItemPrice":895.0,"ItemQty":2,"TotalValue":1790.0}]}
{"InvoiceNumber":"30231439","CreatedTime":1603626000000,"StoreID":"STR6162","PosID":"POS279","CashierID":"OAS964","CustomerType":"PRIME","CustomerCardNo":"2262471989","TotalAmount":230.0,"NumberOfItems":1,"PaymentMethod":"CASH","TaxableAmount":570.0,"CGST":14.25,"SGST":14.25,"CESS":0.7125,"DeliveryType":"HOME-DELIVERY","DeliveryAddress":{"AddressLine":"Flat No. #316-5621 Laoreet St.","City":"Nellore","State":"Andhra Pradesh","PinCode":"333433","ContactNumber":"5232382321"},"InvoiceLineItems":[{"ItemCode":"688","ItemDescription":"Ladle","ItemPrice":570.0,"ItemQty":1,"TotalValue":570.0}]}
{"InvoiceNumber":"96055254","CreatedTime":1603627000000,"StoreID":"STR6162","PosID":"POS279","CashierID":"OAS964","CustomerType":"PRIME","CustomerCardNo":"2262471989","TotalAmount":980.0,"NumberOfItems":1,"PaymentMethod":"CASH","TaxableAmount":2428.0,"CGST":60.7,"SGST":60.7,"CESS":3.035,"DeliveryType":"HOME-DELIVERY","DeliveryAddress":{"AddressLine":"582-5177 Suscipit Rd.","City":"Patna","State":"Bihar","PinCode":"530094","ContactNumber":"1158759250"},"InvoiceLineItems":[{"ItemCode":"638","ItemDescription":"Baster","ItemPrice":1214.0,"ItemQty":2,"TotalValue":2428.0}]}
{"InvoiceNumber":"10025390","CreatedTime":1603628000000,"StoreID":"STR6162","PosID":"POS279","CashierID":"OAS964","CustomerType":"PRIME","CustomerCardNo":"2262471989","TotalAmount":320.0,"NumberOfItems":1,"PaymentMethod":"CASH","TaxableAmount":2742.0,"CGST":68.55,"SGST":68.55,"CESS":3.4275,"DeliveryType":"HOME-DELIVERY","DeliveryAddress":{"AddressLine":"Flat No. #131-5960 Varius St.","City":"Ongole","State":"Andhra Pradesh","PinCode":"881860","ContactNumber":"6735030289"},"InvoiceLineItems":[{"ItemCode":"523","ItemDescription":"Oil-lamp clock","ItemPrice":1371.0,"ItemQty":2,"TotalValue":2742.0}]}
{"InvoiceNumber":"47495165","CreatedTime":1603629000000,"StoreID":"STR6162","PosID":"POS279","CashierID":"OAS964","CustomerType":"PRIME","CustomerCardNo":"2262471989","TotalAmount":500.0,"NumberOfItems":1,"PaymentMethod":"CASH","TaxableAmount":500.0,"CGST":12.5,"SGST":12.5,"CESS":0.625,"DeliveryType":"HOME-DELIVERY","DeliveryAddress":{"AddressLine":"House No 786, 3820 Luctus Av.","City":"Ambala Sadar","State":"Haryana","PinCode":"536057","ContactNumber":"7336393163"},"InvoiceLineItems":[{"ItemCode":"693","ItemDescription":"Mandoline","ItemPrice":250.0,"ItemQty":2,"TotalValue":500.0}]}
{"InvoiceNumber":"57160284","CreatedTime":1603630000000,"StoreID":"STR6162","PosID":"POS279","CashierID":"OAS964","CustomerType":"PRIME","CustomerCardNo":"2262471989","TotalAmount":1500.0,"NumberOfItems":2,"PaymentMethod":"CASH","TaxableAmount":2088.0,"CGST":52.2,"SGST":52.2,"CESS":2.61,"DeliveryType":"HOME-DELIVERY","DeliveryAddress":{"AddressLine":"Flat No. #863-3118 Odio Rd.","City":"Mathura","State":"Uttar Pradesh","PinCode":"587393","ContactNumber":"8562646144"},"InvoiceLineItems":[{"ItemCode":"683","ItemDescription":"Grater","ItemPrice":370.0,"ItemQty":1,"TotalValue":370.0},{"ItemCode":"568","ItemDescription":"Pinch Pleated Curtains","ItemPrice":1718.0,"ItemQty":1,"TotalValue":1718.0}]}
{"InvoiceNumber":"57160284","CreatedTime":1606479060000,"StoreID":"STR6162","PosID":"POS279","CashierID":"OAS964","CustomerType":"PRIME","CustomerCardNo":"2262471989","TotalAmount":1500.0,"NumberOfItems":2,"PaymentMethod":"CASH","TaxableAmount":2088.0,"CGST":52.2,"SGST":52.2,"CESS":2.61,"DeliveryType":"HOME-DELIVERY","DeliveryAddress":{"AddressLine":"Flat No. #863-3118 Odio Rd.","City":"Mathura","State":"Uttar Pradesh","PinCode":"587393","ContactNumber":"8562646144"},"InvoiceLineItems":[{"ItemCode":"683","ItemDescription":"Grater","ItemPrice":370.0,"ItemQty":1,"TotalValue":370.0},{"ItemCode":"568","ItemDescription":"Pinch Pleated Curtains","ItemPrice":1718.0,"ItemQty":1,"TotalValue":1718.0}]}
